Model,R2,MSE,MAE
Linear Regression,0.996022590361204,5379352215.25021,50421.94175123554
XGBoost,0.9989015460014343,1485593216.0,24302.234375
